# ************************************************************
# Sequel Ace SQL dump
# Version 20046
#
# https://sequel-ace.com/
# https://github.com/Sequel-Ace/Sequel-Ace
#
# Host: localhost (MySQL 8.0.28)
# Database: sneakerx
# Generation Time: 2023-08-22 10:34:38 +0000
# ************************************************************


/*!40101 SET @OLD_CHARACTER_SET_CLIENT=@@CHARACTER_SET_CLIENT */;
/*!40101 SET @OLD_CHARACTER_SET_RESULTS=@@CHARACTER_SET_RESULTS */;
/*!40101 SET @OLD_COLLATION_CONNECTION=@@COLLATION_CONNECTION */;
SET NAMES utf8mb4;
/*!40014 SET @OLD_FOREIGN_KEY_CHECKS=@@FOREIGN_KEY_CHECKS, FOREIGN_KEY_CHECKS=0 */;
/*!40101 SET @OLD_SQL_MODE='NO_AUTO_VALUE_ON_ZERO', SQL_MODE='NO_AUTO_VALUE_ON_ZERO' */;
/*!40111 SET @OLD_SQL_NOTES=@@SQL_NOTES, SQL_NOTES=0 */;


# Dump of table bids
# ------------------------------------------------------------

DROP TABLE IF EXISTS `bids`;

CREATE TABLE `bids` (
  `id` int unsigned NOT NULL AUTO_INCREMENT,
  `bid` int DEFAULT NULL,
  `user_id` int DEFAULT NULL,
  `sneaker_id` int DEFAULT NULL,
  `created_at` datetime DEFAULT NULL,
  PRIMARY KEY (`id`)
) ENGINE=InnoDB DEFAULT CHARSET=utf8mb4 COLLATE=utf8mb4_0900_ai_ci;

/*!40000 ALTER TABLE `bids` DISABLE KEYS */;

INSERT INTO `bids` (`id`, `bid`, `user_id`, `sneaker_id`, `created_at`)
VALUES
	(1,89,38,5,'2022-01-04 01:43:36'),
	(2,162,72,64,'2022-01-04 11:19:20'),
	(3,31,72,27,'2022-01-04 20:55:04'),
	(4,160,47,14,'2022-01-05 06:30:48'),
	(5,198,17,56,'2022-01-05 16:06:32'),
	(6,252,22,29,'2022-01-06 01:42:16'),
	(7,155,44,48,'2022-01-06 11:18:00'),
	(8,11,88,12,'2022-01-06 20:53:44'),
	(9,81,56,54,'2022-01-07 06:29:28'),
	(10,111,29,26,'2022-01-07 16:05:12'),
	(11,51,72,37,'2022-01-08 01:40:56'),
	(12,163,91,37,'2022-01-08 11:16:40'),
	(13,154,8,5,'2022-01-08 20:52:24'),
	(14,21,35,53,'2022-01-09 06:28:08'),
	(15,135,11,41,'2022-01-09 16:03:52'),
	(16,102,2,47,'2022-01-10 01:39:36'),
	(17,97,3,44,'2022-01-10 11:15:20'),
	(18,168,10,7,'2022-01-10 20:51:04'),
	(19,38,53,41,'2022-01-11 06:26:48'),
	(20,177,101,47,'2022-01-11 16:02:32'),
	(21,13,5,41,'2022-01-12 01:38:16'),
	(22,22,9,64,'2022-01-12 11:14:00'),
	(23,61,16,56,'2022-01-12 20:49:44'),
	(24,232,77,22,'2022-01-13 06:25:28'),
	(25,218,22,8,'2022-01-13 16:01:12'),
	(26,134,12,44,'2022-01-14 01:36:56'),
	(27,256,50,56,'2022-01-14 11:12:40'),
	(28,117,100,12,'2022-01-14 20:48:24'),
	(29,57,23,27,'2022-01-15 06:24:08'),
	(30,177,60,29,'2022-01-15 15:59:52'),
	(31,203,8,63,'2022-01-16 01:35:36'),
	(32,223,90,20,'2022-01-16 11:11:20'),
	(33,247,37,51,'2022-01-16 20:47:04'),
	(34,58,29,57,'2022-01-17 06:22:48'),
	(35,37,34,63,'2022-01-17 15:58:32'),
	(36,255,40,5,'2022-01-18 01:34:16'),
	(37,151,38,43,'2022-01-18 11:10:00'),
	(38,233,25,63,'2022-01-18 20:45:44'),
	(39,200,1,45,'2022-01-19 06:21:28'),
	(40,43,99,35,'2022-01-19 15:57:12'),
	(41,104,89,39,'2022-01-20 01:32:56'),
	(42,131,48,23,'2022-01-20 11:08:40'),
	(43,84,37,66,'2022-01-20 20:44:24'),
	(44,17,21,51,'2022-01-21 06:20:08'),
	(45,75,103,59,'2022-01-21 15:55:52'),
	(46,63,25,1,'2022-01-22 01:31:36'),
	(47,82,4,34,'2022-01-22 11:07:20'),
	(48,211,90,32,'2022-01-22 20:43:04'),
	(49,48,82,54,'2022-01-23 06:18:48'),
	(50,97,48,39,'2022-01-23 15:54:32'),
	(51,81,59,29,'2022-01-24 01:30:16'),
	(52,104,35,29,'2022-01-24 11:06:00'),
	(53,17,15,57,'2022-01-24 20:41:44'),
	(54,15,41,58,'2022-01-25 06:17:28'),
	(55,15,102,52,'2022-01-25 15:53:12'),
	(56,19,46,15,'2022-01-26 01:28:56'),
	(57,39,98,57,'2022-01-26 11:04:40'),
	(58,130,35,31,'2022-01-26 20:40:24'),
	(59,25,76,55,'2022-01-27 06:16:08'),
	(60,225,85,44,'2022-01-27 15:51:52'),
	(61,42,72,55,'2022-01-28 01:27:36'),
	(62,23,81,4,'2022-01-28 11:03:20'),
	(63,231,92,62,'2022-01-28 20:39:04'),
	(64,78,14,20,'2022-01-29 06:14:48'),
	(65,186,66,51,'2022-01-29 15:50:32'),
	(66,186,63,56,'2022-01-30 01:26:16'),
	(67,114,14,59,'2022-01-30 11:02:00'),
	(68,253,10,56,'2022-01-30 20:37:44'),
	(69,161,52,34,'2022-01-31 06:13:28'),
	(70,38,26,69,'2022-01-31 15:49:12'),
	(71,198,88,35,'2022-02-01 01:24:56'),
	(72,116,49,38,'2022-02-01 11:00:40'),
	(73,226,94,14,'2022-02-01 20:36:24'),
	(74,24,80,24,'2022-02-02 06:12:08'),
	(75,182,9,10,'2022-02-02 15:47:52'),
	(76,79,18,45,'2022-02-03 01:23:36'),
	(77,88,47,57,'2022-02-03 10:59:20'),
	(78,193,86,12,'2022-02-03 20:35:04'),
	(79,191,30,28,'2022-02-04 06:10:48'),
	(80,115,43,34,'2022-02-04 15:46:32'),
	(81,246,7,16,'2022-02-05 01:22:16'),
	(82,123,71,47,'2022-02-05 10:58:00'),
	(83,120,46,48,'2022-02-05 20:33:44'),
	(84,219,42,28,'2022-02-06 06:09:28'),
	(85,228,8,64,'2022-02-06 15:45:12'),
	(86,222,25,31,'2022-02-07 01:20:56'),
	(87,167,93,30,'2022-02-07 10:56:40'),
	(88,161,100,58,'2022-02-07 20:32:24'),
	(89,43,75,61,'2022-02-08 06:08:08'),
	(90,223,75,63,'2022-02-08 15:43:52'),
	(91,228,17,60,'2022-02-09 01:19:36'),
	(92,212,55,42,'2022-02-09 10:55:20'),
	(93,117,56,32,'2022-02-09 20:31:04'),
	(94,186,21,31,'2022-02-10 06:06:48'),
	(95,73,58,58,'2022-02-10 15:42:32'),
	(96,44,98,60,'2022-02-11 01:18:16'),
	(97,245,15,56,'2022-02-11 10:54:00'),
	(98,82,19,32,'2022-02-11 20:29:44'),
	(99,165,34,60,'2022-02-12 06:05:28'),
	(100,70,39,64,'2022-02-12 15:41:12'),
	(101,95,63,1,'2022-02-13 01:16:56'),
	(102,257,14,21,'2022-02-13 10:52:40'),
	(103,240,29,30,'2022-02-13 20:28:24'),
	(104,168,57,20,'2022-02-14 06:04:08'),
	(105,111,80,9,'2022-02-14 15:39:52'),
	(106,41,59,51,'2022-02-15 01:15:36'),
	(107,112,50,24,'2022-02-15 10:51:20'),
	(108,178,99,34,'2022-02-15 20:27:04'),
	(109,43,13,29,'2022-02-16 06:02:48'),
	(110,173,12,44,'2022-02-16 15:38:32'),
	(111,225,75,60,'2022-02-17 01:14:16'),
	(112,98,8,33,'2022-02-17 10:50:00'),
	(113,55,78,53,'2022-02-17 20:25:44'),
	(114,220,39,26,'2022-02-18 06:01:28'),
	(115,177,79,39,'2022-02-18 15:37:12'),
	(116,215,72,50,'2022-02-19 01:12:56'),
	(117,36,85,64,'2022-02-19 10:48:40'),
	(118,25,2,29,'2022-02-19 20:24:24'),
	(119,257,11,24,'2022-02-20 06:00:08'),
	(120,199,102,31,'2022-02-20 15:35:52'),
	(121,217,43,15,'2022-02-21 01:11:36'),
	(122,228,39,51,'2022-02-21 10:47:20'),
	(123,230,8,2,'2022-02-21 20:23:04'),
	(124,204,85,62,'2022-02-22 05:58:48'),
	(125,72,32,26,'2022-02-22 15:34:32'),
	(126,241,67,16,'2022-02-23 01:10:16'),
	(127,226,15,69,'2022-02-23 10:46:00'),
	(128,147,77,20,'2022-02-23 20:21:44'),
	(129,50,57,31,'2022-02-24 05:57:28'),
	(130,50,65,26,'2022-02-24 15:33:12'),
	(131,89,38,36,'2022-02-25 01:08:56'),
	(132,38,50,33,'2022-02-25 10:44:40'),
	(133,161,19,56,'2022-02-25 20:20:24'),
	(134,181,80,45,'2022-02-26 05:56:08'),
	(135,165,57,54,'2022-02-26 15:31:52'),
	(136,21,28,65,'2022-02-27 01:07:36'),
	(137,99,66,25,'2022-02-27 10:43:20'),
	(138,172,36,68,'2022-02-27 20:19:04'),
	(139,57,77,58,'2022-02-28 05:54:48'),
	(140,257,82,14,'2022-02-28 15:30:32'),
	(141,103,8,35,'2022-03-01 01:06:16'),
	(142,236,16,65,'2022-03-01 10:42:00'),
	(143,112,29,13,'2022-03-01 20:17:44'),
	(144,92,74,8,'2022-03-02 05:53:28'),
	(145,113,51,68,'2022-03-02 15:29:12'),
	(146,32,46,42,'2022-03-03 01:04:56'),
	(147,62,87,3,'2022-03-03 10:40:40'),
	(148,204,20,27,'2022-03-03 20:16:24'),
	(149,72,28,56,'2022-03-04 05:52:08'),
	(150,241,32,62,'2022-03-04 15:27:52'),
	(151,227,8,4,'2022-03-05 01:03:36'),
	(152,155,47,41,'2022-03-05 10:39:20'),
	(153,84,1,53,'2022-03-05 20:15:04'),
	(154,196,57,4,'2022-03-06 05:50:48'),
	(155,217,71,66,'2022-03-06 15:26:32'),
	(156,236,44,41,'2022-03-07 01:02:16'),
	(157,23,24,6,'2022-03-07 10:38:00'),
	(158,145,12,46,'2022-03-07 20:13:44'),
	(159,149,35,5,'2022-03-08 05:49:28'),
	(160,47,51,25,'2022-03-08 15:25:12'),
	(161,32,101,38,'2022-03-09 01:00:56'),
	(162,258,28,46,'2022-03-09 10:36:40'),
	(163,187,23,49,'2022-03-09 20:12:24'),
	(164,149,83,36,'2022-03-10 05:48:08'),
	(165,173,82,32,'2022-03-10 15:23:52'),
	(166,162,79,50,'2022-03-11 00:59:36'),
	(167,29,61,18,'2022-03-11 10:35:20'),
	(168,150,75,9,'2022-03-11 20:11:04'),
	(169,154,42,60,'2022-03-12 05:46:48'),
	(170,61,66,65,'2022-03-12 15:22:32'),
	(171,83,58,7,'2022-03-13 00:58:16'),
	(172,221,65,46,'2022-03-13 10:34:00'),
	(173,98,51,2,'2022-03-13 20:09:44'),
	(174,66,35,11,'2022-03-14 05:45:28'),
	(175,27,100,48,'2022-03-14 15:21:12'),
	(176,180,60,69,'2022-03-15 00:56:56'),
	(177,57,7,61,'2022-03-15 10:32:40'),
	(178,236,18,28,'2022-03-15 20:08:24'),
	(179,248,31,27,'2022-03-16 05:44:08'),
	(180,25,40,50,'2022-03-16 15:19:52'),
	(181,119,25,31,'2022-03-17 00:55:36'),
	(182,10,84,4,'2022-03-17 10:31:20'),
	(183,186,35,64,'2022-03-17 20:07:04'),
	(184,141,54,32,'2022-03-18 05:42:48'),
	(185,136,64,37,'2022-03-18 15:18:32'),
	(186,249,74,18,'2022-03-19 00:54:16'),
	(187,75,46,47,'2022-03-19 10:30:00'),
	(188,120,92,44,'2022-03-19 20:05:44'),
	(189,115,9,9,'2022-03-20 05:41:28'),
	(190,204,38,49,'2022-03-20 15:17:12'),
	(191,169,77,11,'2022-03-21 00:52:56'),
	(192,221,90,44,'2022-03-21 10:28:40'),
	(193,87,42,52,'2022-03-21 20:04:24'),
	(194,14,35,55,'2022-03-22 05:40:08'),
	(195,51,14,51,'2022-03-22 15:15:52'),
	(196,201,14,22,'2022-03-23 00:51:36'),
	(197,94,61,26,'2022-03-23 10:27:20'),
	(198,107,61,63,'2022-03-23 20:03:04'),
	(199,242,39,31,'2022-03-24 05:38:48'),
	(200,129,42,32,'2022-03-24 15:14:32'),
	(201,162,67,69,'2022-03-25 00:50:16'),
	(202,160,45,39,'2022-03-25 10:26:00'),
	(203,58,99,59,'2022-03-25 20:01:44'),
	(204,51,35,38,'2022-03-26 05:37:28'),
	(205,69,10,15,'2022-03-26 15:13:12'),
	(206,183,24,27,'2022-03-27 00:48:56'),
	(207,200,49,21,'2022-03-27 10:24:40'),
	(208,189,23,25,'2022-03-27 20:00:24'),
	(209,86,94,61,'2022-03-28 05:36:08'),
	(210,104,38,23,'2022-03-28 15:11:52'),
	(211,250,92,1,'2022-03-29 00:47:36'),
	(212,182,35,3,'2022-03-29 10:23:20'),
	(213,150,18,13,'2022-03-29 19:59:04'),
	(214,195,20,55,'2022-03-30 05:34:48'),
	(215,14,83,28,'2022-03-30 15:10:32'),
	(216,227,29,43,'2022-03-31 00:46:16'),
	(217,83,64,61,'2022-03-31 10:22:00'),
	(218,225,32,40,'2022-03-31 19:57:44'),
	(219,115,93,17,'2022-04-01 05:33:28'),
	(220,142,55,32,'2022-04-01 15:09:12'),
	(221,103,67,38,'2022-04-02 00:44:56'),
	(222,80,33,25,'2022-04-02 10:20:40'),
	(223,84,41,9,'2022-04-02 19:56:24'),
	(224,169,36,41,'2022-04-03 05:32:08'),
	(225,82,30,39,'2022-04-03 15:07:52'),
	(226,144,63,1,'2022-04-04 00:43:36'),
	(227,213,15,25,'2022-04-04 10:19:20'),
	(228,126,89,52,'2022-04-04 19:55:04'),
	(229,230,71,49,'2022-04-05 05:30:48'),
	(230,11,95,17,'2022-04-05 15:06:32'),
	(231,108,90,8,'2022-04-06 00:42:16'),
	(232,248,12,56,'2022-04-06 10:18:00'),
	(233,156,25,49,'2022-04-06 19:53:44'),
	(234,26,76,9,'2022-04-07 05:29:28'),
	(235,155,101,33,'2022-04-07 15:05:12'),
	(236,184,36,68,'2022-04-08 00:40:56'),
	(237,198,71,33,'2022-04-08 10:16:40'),
	(238,179,6,30,'2022-04-08 19:52:24'),
	(239,41,100,53,'2022-04-09 05:28:08'),
	(240,157,66,33,'2022-04-09 15:03:52'),
	(241,153,13,7,'2022-04-10 00:39:36'),
	(242,35,98,5,'2022-04-10 10:15:20'),
	(243,205,91,1,'2022-04-10 19:51:04'),
	(244,162,88,62,'2022-04-11 05:26:48'),
	(245,183,55,29,'2022-04-11 15:02:32'),
	(246,171,6,30,'2022-04-12 00:38:16'),
	(247,47,7,59,'2022-04-12 10:14:00'),
	(248,213,44,67,'2022-04-12 19:49:44'),
	(249,163,62,21,'2022-04-13 05:25:28'),
	(250,167,74,43,'2022-04-13 15:01:12'),
	(251,87,74,10,'2022-04-14 00:36:56'),
	(252,175,60,62,'2022-04-14 10:12:40'),
	(253,104,22,69,'2022-04-14 19:48:24'),
	(254,235,11,23,'2022-04-15 05:24:08'),
	(255,106,9,44,'2022-04-15 14:59:52'),
	(256,64,36,11,'2022-04-16 00:35:36'),
	(257,242,78,63,'2022-04-16 10:11:20'),
	(258,258,47,7,'2022-04-16 19:47:04'),
	(259,53,29,49,'2022-04-17 05:22:48'),
	(260,234,14,17,'2022-04-17 14:58:32'),
	(261,249,18,8,'2022-04-18 00:34:16'),
	(262,35,70,57,'2022-04-18 10:10:00'),
	(263,169,85,54,'2022-04-18 19:45:44'),
	(264,229,73,27,'2022-04-19 05:21:28'),
	(265,131,4,43,'2022-04-19 14:57:12'),
	(266,207,80,64,'2022-04-20 00:32:56'),
	(267,134,67,52,'2022-04-20 10:08:40'),
	(268,39,76,67,'2022-04-20 19:44:24'),
	(269,34,58,42,'2022-04-21 05:20:08'),
	(270,43,83,7,'2022-04-21 14:55:52'),
	(271,104,40,48,'2022-04-22 00:31:36'),
	(272,131,6,10,'2022-04-22 10:07:20'),
	(273,82,11,43,'2022-04-22 19:43:04'),
	(274,258,23,48,'2022-04-23 05:18:48'),
	(275,34,33,41,'2022-04-23 14:54:32'),
	(276,136,4,61,'2022-04-24 00:30:16'),
	(277,71,36,45,'2022-04-24 10:06:00'),
	(278,186,27,38,'2022-04-24 19:41:44'),
	(279,207,32,58,'2022-04-25 05:17:28'),
	(280,219,27,35,'2022-04-25 14:53:12'),
	(281,212,33,69,'2022-04-26 00:28:56'),
	(282,144,15,31,'2022-04-26 10:04:40'),
	(283,77,8,20,'2022-04-26 19:40:24'),
	(284,192,60,6,'2022-04-27 05:16:08'),
	(285,218,88,39,'2022-04-27 14:51:52'),
	(286,257,65,36,'2022-04-28 00:27:36'),
	(287,120,68,65,'2022-04-28 10:03:20'),
	(288,72,24,10,'2022-04-28 19:39:04'),
	(289,237,70,61,'2022-04-29 05:14:48'),
	(290,213,17,66,'2022-04-29 14:50:32'),
	(291,92,70,7,'2022-04-30 00:26:16'),
	(292,61,86,47,'2022-04-30 10:02:00'),
	(293,19,25,4,'2022-04-30 19:37:44'),
	(294,154,26,19,'2022-05-01 05:13:28'),
	(295,204,17,12,'2022-05-01 14:49:12'),
	(296,47,94,3,'2022-05-02 00:24:56'),
	(297,115,23,46,'2022-05-02 10:00:40'),
	(298,175,101,13,'2022-05-02 19:36:24'),
	(299,22,82,63,'2022-05-03 05:12:08'),
	(300,73,51,3,'2022-05-03 14:47:52'),
	(301,39,94,32,'2022-05-04 00:23:36'),
	(302,217,67,10,'2022-05-04 09:59:20'),
	(303,209,73,25,'2022-05-04 19:35:04'),
	(304,133,8,23,'2022-05-05 05:10:48'),
	(305,29,7,40,'2022-05-05 14:46:32'),
	(306,237,50,61,'2022-05-06 00:22:16'),
	(307,88,2,49,'2022-05-06 09:58:00'),
	(308,219,92,61,'2022-05-06 19:33:44'),
	(309,73,25,19,'2022-05-07 05:09:28'),
	(310,198,93,48,'2022-05-07 14:45:12'),
	(311,12,74,47,'2022-05-08 00:20:56'),
	(312,207,98,22,'2022-05-08 09:56:40'),
	(313,241,22,37,'2022-05-08 19:32:24'),
	(314,73,21,49,'2022-05-09 05:08:08'),
	(315,131,8,66,'2022-05-09 14:43:52'),
	(316,179,43,42,'2022-05-10 00:19:36'),
	(317,242,42,12,'2022-05-10 09:55:20'),
	(318,164,79,2,'2022-05-10 19:31:04'),
	(319,84,23,44,'2022-05-11 05:06:48'),
	(320,169,90,7,'2022-05-11 14:42:32'),
	(321,84,10,40,'2022-05-12 00:18:16'),
	(322,152,26,41,'2022-05-12 09:54:00'),
	(323,251,32,15,'2022-05-12 19:29:44'),
	(324,38,87,22,'2022-05-13 05:05:28'),
	(325,179,96,65,'2022-05-13 14:41:12'),
	(326,20,17,52,'2022-05-14 00:16:56'),
	(327,56,59,61,'2022-05-14 09:52:40'),
	(328,208,68,14,'2022-05-14 19:28:24'),
	(329,112,103,22,'2022-05-15 05:04:08'),
	(330,177,42,69,'2022-05-15 14:39:52'),
	(331,38,74,4,'2022-05-16 00:15:36'),
	(332,149,13,17,'2022-05-16 09:51:20'),
	(333,125,53,6,'2022-05-16 19:27:04'),
	(334,166,61,44,'2022-05-17 05:02:48'),
	(335,194,35,66,'2022-05-17 14:38:32'),
	(336,215,16,60,'2022-05-18 00:14:16'),
	(337,231,57,30,'2022-05-18 09:50:00'),
	(338,251,54,41,'2022-05-18 19:25:44'),
	(339,52,101,43,'2022-05-19 05:01:28'),
	(340,248,5,21,'2022-05-19 14:37:12'),
	(341,74,72,48,'2022-05-20 00:12:56'),
	(342,117,91,39,'2022-05-20 09:48:40'),
	(343,105,33,48,'2022-05-20 19:24:24'),
	(344,164,25,54,'2022-05-21 05:00:08'),
	(345,245,84,58,'2022-05-21 14:35:52'),
	(346,223,28,56,'2022-05-22 00:11:36'),
	(347,122,34,37,'2022-05-22 09:47:20'),
	(348,179,40,15,'2022-05-22 19:23:04'),
	(349,22,15,34,'2022-05-23 04:58:48'),
	(350,64,28,56,'2022-05-23 14:34:32'),
	(351,243,91,39,'2022-05-24 00:10:16'),
	(352,12,94,26,'2022-05-24 09:46:00'),
	(353,72,29,12,'2022-05-24 19:21:44'),
	(354,65,46,53,'2022-05-25 04:57:28'),
	(355,100,10,21,'2022-05-25 14:33:12'),
	(356,44,92,14,'2022-05-26 00:08:56'),
	(357,161,93,6,'2022-05-26 09:44:40'),
	(358,165,87,58,'2022-05-26 19:20:24'),
	(359,80,58,65,'2022-05-27 04:56:08'),
	(360,146,100,12,'2022-05-27 14:31:52'),
	(361,230,4,4,'2022-05-28 00:07:36'),
	(362,202,31,50,'2022-05-28 09:43:20'),
	(363,59,74,32,'2022-05-28 19:19:04'),
	(364,182,2,9,'2022-05-29 04:54:48'),
	(365,223,36,16,'2022-05-29 14:30:32'),
	(366,61,40,53,'2022-05-30 00:06:16'),
	(367,127,99,11,'2022-05-30 09:42:00'),
	(368,190,30,34,'2022-05-30 19:17:44'),
	(369,61,3,66,'2022-05-31 04:53:28'),
	(370,227,19,21,'2022-05-31 14:29:12'),
	(371,191,31,44,'2022-06-01 00:04:56'),
	(372,15,44,17,'2022-06-01 09:40:40'),
	(373,241,45,24,'2022-06-01 19:16:24'),
	(374,153,102,68,'2022-06-02 04:52:08'),
	(375,32,16,61,'2022-06-02 14:27:52'),
	(376,190,26,30,'2022-06-03 00:03:36'),
	(377,97,73,34,'2022-06-03 09:39:20'),
	(378,152,45,13,'2022-06-03 19:15:04'),
	(379,212,44,30,'2022-06-04 04:50:48'),
	(380,96,90,43,'2022-06-04 14:26:32'),
	(381,82,90,57,'2022-06-05 00:02:16'),
	(382,112,28,14,'2022-06-05 09:38:00'),
	(383,54,87,39,'2022-06-05 19:13:44'),
	(384,174,103,12,'2022-06-06 04:49:28'),
	(385,201,23,13,'2022-06-06 14:25:12'),
	(386,224,24,27,'2022-06-07 00:00:56'),
	(387,254,77,27,'2022-06-07 09:36:40'),
	(388,91,62,52,'2022-06-07 19:12:24'),
	(389,185,48,43,'2022-06-08 04:48:08'),
	(390,140,36,56,'2022-06-08 14:23:52'),
	(391,135,68,15,'2022-06-08 23:59:36'),
	(392,248,60,45,'2022-06-09 09:35:20'),
	(393,72,95,40,'2022-06-09 19:11:04'),
	(394,110,39,64,'2022-06-10 04:46:48'),
	(395,72,39,62,'2022-06-10 14:22:32'),
	(396,20,47,48,'2022-06-10 23:58:16'),
	(397,125,53,55,'2022-06-11 09:34:00'),
	(398,55,65,62,'2022-06-11 19:09:44'),
	(399,140,95,4,'2022-06-12 04:45:28'),
	(400,27,98,43,'2022-06-12 14:21:12'),
	(401,204,92,62,'2022-06-12 23:56:56'),
	(402,181,95,43,'2022-06-13 09:32:40'),
	(403,32,68,27,'2022-06-13 19:08:24'),
	(404,109,55,7,'2022-06-14 04:44:08'),
	(405,188,53,24,'2022-06-14 14:19:52'),
	(406,106,12,29,'2022-06-14 23:55:36'),
	(407,205,37,3,'2022-06-15 09:31:20'),
	(408,199,34,64,'2022-06-15 19:07:04'),
	(409,120,52,36,'2022-06-16 04:42:48'),
	(410,245,62,57,'2022-06-16 14:18:32'),
	(411,102,9,38,'2022-06-16 23:54:16'),
	(412,18,27,19,'2022-06-17 09:30:00'),
	(413,23,22,49,'2022-06-17 19:05:44'),
	(414,54,84,49,'2022-06-18 04:41:28'),
	(415,189,69,31,'2022-06-18 14:17:12'),
	(416,23,30,5,'2022-06-18 23:52:56'),
	(417,39,7,3,'2022-06-19 09:28:40'),
	(418,116,46,66,'2022-06-19 19:04:24'),
	(419,206,52,47,'2022-06-20 04:40:08'),
	(420,169,27,34,'2022-06-20 14:15:52'),
	(421,220,75,30,'2022-06-20 23:51:36'),
	(422,83,35,45,'2022-06-21 09:27:20'),
	(423,245,83,68,'2022-06-21 19:03:04'),
	(424,217,51,68,'2022-06-22 04:38:48'),
	(425,91,66,64,'2022-06-22 14:14:32'),
	(426,46,50,46,'2022-06-22 23:50:16'),
	(427,194,79,39,'2022-06-23 09:26:00'),
	(428,76,99,54,'2022-06-23 19:01:44'),
	(429,35,15,17,'2022-06-24 04:37:28'),
	(430,189,94,60,'2022-06-24 14:13:12'),
	(431,82,8,41,'2022-06-24 23:48:56'),
	(432,82,69,23,'2022-06-25 09:24:40'),
	(433,154,94,63,'2022-06-25 19:00:24'),
	(434,15,26,39,'2022-06-26 04:36:08'),
	(435,103,38,4,'2022-06-26 14:11:52'),
	(436,213,67,41,'2022-06-26 23:47:36'),
	(437,243,101,55,'2022-06-27 09:23:20'),
	(438,69,32,13,'2022-06-27 18:59:04'),
	(439,107,83,39,'2022-06-28 04:34:48'),
	(440,67,54,17,'2022-06-28 14:10:32'),
	(441,253,67,35,'2022-06-28 23:46:16'),
	(442,55,29,54,'2022-06-29 09:22:00'),
	(443,258,95,26,'2022-06-29 18:57:44'),
	(444,116,81,38,'2022-06-30 04:33:28'),
	(445,46,3,44,'2022-06-30 14:09:12'),
	(446,123,48,36,'2022-06-30 23:44:56'),
	(447,216,57,48,'2022-07-01 09:20:40'),
	(448,203,2,63,'2022-07-01 18:56:24'),
	(449,108,49,33,'2022-07-02 04:32:08'),
	(450,170,55,45,'2022-07-02 14:07:52'),
	(451,15,11,57,'2022-07-02 23:43:36'),
	(452,57,75,9,'2022-07-03 09:19:20'),
	(453,232,35,13,'2022-07-03 18:55:04'),
	(454,227,57,35,'2022-07-04 04:30:48'),
	(455,180,34,69,'2022-07-04 14:06:32'),
	(456,210,43,34,'2022-07-04 23:42:16'),
	(457,251,15,29,'2022-07-05 09:18:00'),
	(458,117,93,44,'2022-07-05 18:53:44'),
	(459,71,30,65,'2022-07-06 04:29:28'),
	(460,246,16,52,'2022-07-06 14:05:12'),
	(461,258,23,67,'2022-07-06 23:40:56'),
	(462,42,35,40,'2022-07-07 09:16:40'),
	(463,177,98,68,'2022-07-07 18:52:24'),
	(464,249,23,11,'2022-07-08 04:28:08'),
	(465,206,85,56,'2022-07-08 14:03:52'),
	(466,23,31,41,'2022-07-08 23:39:36'),
	(467,236,62,38,'2022-07-09 09:15:20'),
	(468,104,9,64,'2022-07-09 18:51:04'),
	(469,51,39,68,'2022-07-10 04:26:48'),
	(470,185,87,10,'2022-07-10 14:02:32'),
	(471,13,10,51,'2022-07-10 23:38:16'),
	(472,251,97,17,'2022-07-11 09:14:00'),
	(473,204,31,3,'2022-07-11 18:49:44'),
	(474,258,74,32,'2022-07-12 04:25:28'),
	(475,170,78,11,'2022-07-12 14:01:12'),
	(476,66,95,28,'2022-07-12 23:36:56'),
	(477,60,28,37,'2022-07-13 09:12:40'),
	(478,94,40,34,'2022-07-13 18:48:24'),
	(479,31,14,57,'2022-07-14 04:24:08'),
	(480,112,46,45,'2022-07-14 13:59:52'),
	(481,208,76,53,'2022-07-14 23:35:36'),
	(482,196,55,59,'2022-07-15 09:11:20'),
	(483,96,41,68,'2022-07-15 18:47:04'),
	(484,130,73,24,'2022-07-16 04:22:48'),
	(485,104,16,53,'2022-07-16 13:58:32'),
	(486,122,25,56,'2022-07-16 23:34:16'),
	(487,38,74,49,'2022-07-17 09:10:00'),
	(488,64,89,8,'2022-07-17 18:45:44'),
	(489,196,6,31,'2022-07-18 04:21:28'),
	(490,31,20,63,'2022-07-18 13:57:12'),
	(491,54,82,12,'2022-07-18 23:32:56'),
	(492,169,91,10,'2022-07-19 09:08:40'),
	(493,174,26,13,'2022-07-19 18:44:24'),
	(494,103,64,37,'2022-07-20 04:20:08'),
	(495,234,27,4,'2022-07-20 13:55:52'),
	(496,101,3,50,'2022-07-20 23:31:36'),
	(497,42,77,27,'2022-07-21 09:07:20'),
	(498,151,15,56,'2022-07-21 18:43:04'),
	(499,116,56,61,'2022-07-22 04:18:48'),
	(500,120,84,68,'2022-07-22 13:54:32'),
	(501,240,36,19,'2022-07-22 23:30:16'),
	(502,84,56,29,'2022-07-23 09:06:00'),
	(503,188,87,17,'2022-07-23 18:41:44'),
	(504,177,71,66,'2022-07-24 04:17:28'),
	(505,64,62,3,'2022-07-24 13:53:12'),
	(506,28,103,23,'2022-07-24 23:28:56'),
	(507,190,40,36,'2022-07-25 09:04:40'),
	(508,106,97,41,'2022-07-25 18:40:24'),
	(509,201,49,27,'2022-07-26 04:16:08'),
	(510,175,14,10,'2022-07-26 13:51:52'),
	(511,15,20,41,'2022-07-26 23:27:36'),
	(512,39,35,34,'2022-07-27 09:03:20'),
	(513,143,21,48,'2022-07-27 18:39:04'),
	(514,86,48,67,'2022-07-28 04:14:48'),
	(515,243,56,52,'2022-07-28 13:50:32'),
	(516,198,16,61,'2022-07-28 23:26:16'),
	(517,253,48,8,'2022-07-29 09:02:00'),
	(518,160,84,64,'2022-07-29 18:37:44'),
	(519,30,102,20,'2022-07-30 04:13:28'),
	(520,161,81,46,'2022-07-30 13:49:12'),
	(521,204,75,30,'2022-07-30 23:24:56'),
	(522,29,42,12,'2022-07-31 09:00:40'),
	(523,23,6,40,'2022-07-31 18:36:24'),
	(524,18,64,23,'2022-08-01 04:12:08'),
	(525,14,60,63,'2022-08-01 13:47:52'),
	(526,255,12,40,'2022-08-01 23:23:36'),
	(527,224,19,11,'2022-08-02 08:59:20'),
	(528,95,26,2,'2022-08-02 18:35:04'),
	(529,45,35,46,'2022-08-03 04:10:48'),
	(530,180,35,18,'2022-08-03 13:46:32'),
	(531,256,48,17,'2022-08-03 23:22:16'),
	(532,231,19,34,'2022-08-04 08:58:00'),
	(533,129,52,48,'2022-08-04 18:33:44'),
	(534,190,88,69,'2022-08-05 04:09:28'),
	(535,53,53,64,'2022-08-05 13:45:12'),
	(536,185,74,44,'2022-08-05 23:20:56'),
	(537,259,74,26,'2022-08-06 08:56:40'),
	(538,231,35,66,'2022-08-06 18:32:24'),
	(539,118,98,45,'2022-08-07 04:08:08'),
	(540,135,19,27,'2022-08-07 13:43:52'),
	(541,65,51,67,'2022-08-07 23:19:36'),
	(542,159,55,49,'2022-08-08 08:55:20'),
	(543,92,75,44,'2022-08-08 18:31:04'),
	(544,221,11,2,'2022-08-09 04:06:48'),
	(545,73,14,18,'2022-08-09 13:42:32'),
	(546,189,19,12,'2022-08-09 23:18:16'),
	(547,218,42,7,'2022-08-10 08:54:00'),
	(548,14,70,66,'2022-08-10 18:29:44'),
	(549,155,69,31,'2022-08-11 04:05:28'),
	(550,224,90,29,'2022-08-11 13:41:12'),
	(551,145,1,50,'2022-08-11 23:16:56'),
	(552,43,102,25,'2022-08-12 08:52:40'),
	(553,21,34,44,'2022-08-12 18:28:24'),
	(554,217,8,6,'2022-08-13 04:04:08'),
	(555,11,89,36,'2022-08-13 13:39:52'),
	(556,147,66,22,'2022-08-13 23:15:36'),
	(557,191,28,4,'2022-08-14 08:51:20'),
	(558,253,11,22,'2022-08-14 18:27:04'),
	(559,184,17,30,'2022-08-15 04:02:48'),
	(560,150,52,13,'2022-08-15 13:38:32'),
	(561,191,7,44,'2022-08-15 23:14:16'),
	(562,244,23,44,'2022-08-16 08:50:00'),
	(563,139,96,17,'2022-08-16 18:25:44'),
	(564,203,96,21,'2022-08-17 04:01:28'),
	(565,90,91,53,'2022-08-17 13:37:12'),
	(566,82,20,64,'2022-08-17 23:12:56'),
	(567,127,98,24,'2022-08-18 08:48:40'),
	(568,133,51,64,'2022-08-18 18:24:24'),
	(569,24,96,43,'2022-08-19 04:00:08'),
	(570,211,30,21,'2022-08-19 13:35:52'),
	(571,225,21,44,'2022-08-19 23:11:36'),
	(572,230,6,21,'2022-08-20 08:47:20'),
	(573,215,38,39,'2022-08-20 18:23:04'),
	(574,125,52,64,'2022-08-21 03:58:48'),
	(575,220,84,64,'2022-08-21 13:34:32'),
	(576,219,10,56,'2022-08-21 23:10:16'),
	(577,173,91,22,'2022-08-22 08:46:00'),
	(578,198,100,10,'2022-08-22 18:21:44'),
	(579,211,50,54,'2022-08-23 03:57:28'),
	(580,204,103,29,'2022-08-23 13:33:12'),
	(581,128,96,55,'2022-08-23 23:08:56'),
	(582,15,22,46,'2022-08-24 08:44:40'),
	(583,185,24,66,'2022-08-24 18:20:24'),
	(584,119,75,55,'2022-08-25 03:56:08'),
	(585,31,102,4,'2022-08-25 13:31:52'),
	(586,38,69,64,'2022-08-25 23:07:36'),
	(587,89,99,33,'2022-08-26 08:43:20'),
	(588,72,67,39,'2022-08-26 18:19:04'),
	(589,82,16,29,'2022-08-27 03:54:48'),
	(590,183,47,26,'2022-08-27 13:30:32'),
	(591,161,93,43,'2022-08-27 23:06:16'),
	(592,246,52,66,'2022-08-28 08:42:00'),
	(593,236,72,64,'2022-08-28 18:17:44'),
	(594,185,28,51,'2022-08-29 03:53:28'),
	(595,205,6,63,'2022-08-29 13:29:12'),
	(596,211,71,26,'2022-08-29 23:04:56'),
	(597,183,6,6,'2022-08-30 08:40:40'),
	(598,19,12,22,'2022-08-30 18:16:24'),
	(599,39,70,24,'2022-08-31 03:52:08'),
	(600,130,26,50,'2022-08-31 13:27:52'),
	(601,20,95,43,'2022-08-31 23:03:36'),
	(602,202,80,62,'2022-09-01 08:39:20'),
	(603,192,58,44,'2022-09-01 18:15:04'),
	(604,93,38,34,'2022-09-02 03:50:48'),
	(605,130,40,38,'2022-09-02 13:26:32'),
	(606,112,39,18,'2022-09-02 23:02:16'),
	(607,159,29,45,'2022-09-03 08:38:00'),
	(608,201,80,32,'2022-09-03 18:13:44'),
	(609,19,37,26,'2022-09-04 03:49:28'),
	(610,233,35,32,'2022-09-04 13:25:12'),
	(611,99,74,14,'2022-09-04 23:00:56'),
	(612,33,42,41,'2022-09-05 08:36:40'),
	(613,112,4,25,'2022-09-05 18:12:24'),
	(614,201,68,2,'2022-09-06 03:48:08'),
	(615,160,64,5,'2022-09-06 13:23:52'),
	(616,189,29,15,'2022-09-06 22:59:36'),
	(617,202,34,62,'2022-09-07 08:35:20'),
	(618,186,85,59,'2022-09-07 18:11:04'),
	(619,65,64,37,'2022-09-08 03:46:48'),
	(620,258,50,6,'2022-09-08 13:22:32'),
	(621,85,27,59,'2022-09-08 22:58:16'),
	(622,142,103,1,'2022-09-09 08:34:00'),
	(623,196,76,32,'2022-09-09 18:09:44'),
	(624,45,8,18,'2022-09-10 03:45:28'),
	(625,127,70,65,'2022-09-10 13:21:12'),
	(626,241,28,62,'2022-09-10 22:56:56'),
	(627,64,69,45,'2022-09-11 08:32:40'),
	(628,89,64,41,'2022-09-11 18:08:24'),
	(629,241,77,67,'2022-09-12 03:44:08'),
	(630,181,2,7,'2022-09-12 13:19:52'),
	(631,173,41,38,'2022-09-12 22:55:36'),
	(632,59,39,33,'2022-09-13 08:31:20'),
	(633,20,40,49,'2022-09-13 18:07:04'),
	(634,163,74,7,'2022-09-14 03:42:48'),
	(635,245,65,25,'2022-09-14 13:18:32'),
	(636,225,9,35,'2022-09-14 22:54:16'),
	(637,130,41,31,'2022-09-15 08:30:00'),
	(638,218,2,50,'2022-09-15 18:05:44'),
	(639,189,90,17,'2022-09-16 03:41:28'),
	(640,34,68,6,'2022-09-16 13:17:12'),
	(641,91,98,47,'2022-09-16 22:52:56'),
	(642,94,71,9,'2022-09-17 08:28:40'),
	(643,186,70,41,'2022-09-17 18:04:24'),
	(644,141,64,42,'2022-09-18 03:40:08'),
	(645,135,73,14,'2022-09-18 13:15:52'),
	(646,245,69,13,'2022-09-18 22:51:36'),
	(647,58,8,25,'2022-09-19 08:27:20'),
	(648,46,31,16,'2022-09-19 18:03:04'),
	(649,46,13,4,'2022-09-20 03:38:48'),
	(650,82,38,41,'2022-09-20 13:14:32'),
	(651,12,24,53,'2022-09-20 22:50:16'),
	(652,56,43,5,'2022-09-21 08:26:00'),
	(653,236,51,1,'2022-09-21 18:01:44'),
	(654,249,96,61,'2022-09-22 03:37:28'),
	(655,29,61,25,'2022-09-22 13:13:12'),
	(656,141,16,12,'2022-09-22 22:48:56'),
	(657,105,7,52,'2022-09-23 08:24:40'),
	(658,94,99,16,'2022-09-23 18:00:24'),
	(659,144,15,62,'2022-09-24 03:36:08'),
	(660,180,76,57,'2022-09-24 13:11:52'),
	(661,208,12,26,'2022-09-24 22:47:36'),
	(662,239,64,28,'2022-09-25 08:23:20'),
	(663,61,70,62,'2022-09-25 17:59:04'),
	(664,80,12,19,'2022-09-26 03:34:48'),
	(665,208,43,46,'2022-09-26 13:10:32'),
	(666,42,87,34,'2022-09-26 22:46:16'),
	(667,74,26,30,'2022-09-27 08:22:00'),
	(668,236,35,48,'2022-09-27 17:57:44'),
	(669,196,23,13,'2022-09-28 03:33:28'),
	(670,15,82,59,'2022-09-28 13:09:12'),
	(671,227,92,48,'2022-09-28 22:44:56'),
	(672,79,50,61,'2022-09-29 08:20:40'),
	(673,207,97,22,'2022-09-29 17:56:24'),
	(674,37,32,67,'2022-09-30 03:32:08'),
	(675,53,44,59,'2022-09-30 13:07:52'),
	(676,146,48,25,'2022-09-30 22:43:36'),
	(677,63,37,15,'2022-10-01 08:19:20'),
	(678,116,99,2,'2022-10-01 17:55:04'),
	(679,132,7,33,'2022-10-02 03:30:48'),
	(680,51,32,18,'2022-10-02 13:06:32'),
	(681,102,34,62,'2022-10-02 22:42:16'),
	(682,96,35,48,'2022-10-03 08:18:00'),
	(683,165,33,55,'2022-10-03 17:53:44'),
	(684,27,41,62,'2022-10-04 03:29:28'),
	(685,130,76,5,'2022-10-04 13:05:12'),
	(686,61,68,45,'2022-10-04 22:40:56'),
	(687,156,100,5,'2022-10-05 08:16:40'),
	(688,89,7,25,'2022-10-05 17:52:24'),
	(689,215,23,40,'2022-10-06 03:28:08'),
	(690,48,72,55,'2022-10-06 13:03:52'),
	(691,87,32,16,'2022-10-06 22:39:36'),
	(692,29,57,52,'2022-10-07 08:15:20'),
	(693,127,24,3,'2022-10-07 17:51:04'),
	(694,39,37,69,'2022-10-08 03:26:48'),
	(695,52,88,59,'2022-10-08 13:02:32'),
	(696,136,12,20,'2022-10-08 22:38:16'),
	(697,15,15,59,'2022-10-09 08:14:00'),
	(698,157,48,28,'2022-10-09 17:49:44'),
	(699,232,42,31,'2022-10-10 03:25:28'),
	(700,179,90,69,'2022-10-10 13:01:12'),
	(701,187,80,45,'2022-10-10 22:36:56'),
	(702,141,70,18,'2022-10-11 08:12:40'),
	(703,135,69,24,'2022-10-11 17:48:24'),
	(704,241,7,63,'2022-10-12 03:24:08'),
	(705,40,47,37,'2022-10-12 12:59:52'),
	(706,220,14,66,'2022-10-12 22:35:36'),
	(707,219,77,10,'2022-10-13 08:11:20'),
	(708,175,14,58,'2022-10-13 17:47:04'),
	(709,209,96,53,'2022-10-14 03:22:48'),
	(710,259,39,20,'2022-10-14 12:58:32'),
	(711,159,17,11,'2022-10-14 22:34:16'),
	(712,10,19,65,'2022-10-15 08:10:00'),
	(713,62,18,13,'2022-10-15 17:45:44'),
	(714,23,28,9,'2022-10-16 03:21:28'),
	(715,166,17,7,'2022-10-16 12:57:12'),
	(716,255,14,5,'2022-10-16 22:32:56'),
	(717,17,90,3,'2022-10-17 08:08:40'),
	(718,58,62,69,'2022-10-17 17:44:24'),
	(719,230,14,60,'2022-10-18 03:20:08'),
	(720,218,75,23,'2022-10-18 12:55:52'),
	(721,140,75,2,'2022-10-18 22:31:36'),
	(722,37,90,12,'2022-10-19 08:07:20'),
	(723,254,37,54,'2022-10-19 17:43:04'),
	(724,149,53,26,'2022-10-20 03:18:48'),
	(725,225,18,38,'2022-10-20 12:54:32'),
	(726,166,75,39,'2022-10-20 22:30:16'),
	(727,147,26,15,'2022-10-21 08:06:00'),
	(728,229,89,25,'2022-10-21 17:41:44'),
	(729,192,103,12,'2022-10-22 03:17:28'),
	(730,13,19,51,'2022-10-22 12:53:12'),
	(731,231,29,12,'2022-10-22 22:28:56'),
	(732,106,6,44,'2022-10-23 08:04:40'),
	(733,78,95,47,'2022-10-23 17:40:24'),
	(734,63,100,35,'2022-10-24 03:16:08'),
	(735,70,4,32,'2022-10-24 12:51:52'),
	(736,152,36,55,'2022-10-24 22:27:36'),
	(737,42,70,38,'2022-10-25 08:03:20'),
	(738,244,19,28,'2022-10-25 17:39:04'),
	(739,86,75,23,'2022-10-26 03:14:48'),
	(740,187,46,32,'2022-10-26 12:50:32'),
	(741,167,26,23,'2022-10-26 22:26:16'),
	(742,13,50,15,'2022-10-27 08:02:00'),
	(743,57,41,7,'2022-10-27 17:37:44'),
	(744,237,87,58,'2022-10-28 03:13:28'),
	(745,253,88,60,'2022-10-28 12:49:12'),
	(746,43,18,58,'2022-10-28 22:24:56'),
	(747,199,87,41,'2022-10-29 08:00:40'),
	(748,108,85,30,'2022-10-29 17:36:24'),
	(749,180,16,24,'2022-10-30 03:12:08'),
	(750,67,71,33,'2022-10-30 12:47:52'),
	(751,36,11,22,'2022-10-30 22:23:36'),
	(752,219,9,12,'2022-10-31 07:59:20'),
	(753,229,92,62,'2022-10-31 17:35:04'),
	(754,227,92,65,'2022-11-01 03:10:48'),
	(755,190,51,69,'2022-11-01 12:46:32'),
	(756,257,86,11,'2022-11-01 22:22:16'),
	(757,206,34,56,'2022-11-02 07:58:00'),
	(758,248,8,41,'2022-11-02 17:33:44'),
	(759,114,19,36,'2022-11-03 03:09:28'),
	(760,68,69,56,'2022-11-03 12:45:12'),
	(761,239,7,32,'2022-11-03 22:20:56'),
	(762,229,46,60,'2022-11-04 07:56:40'),
	(763,171,22,68,'2022-11-04 17:32:24'),
	(764,155,60,21,'2022-11-05 03:08:08'),
	(765,256,42,39,'2022-11-05 12:43:52'),
	(766,54,38,63,'2022-11-05 22:19:36'),
	(767,242,96,59,'2022-11-06 07:55:20'),
	(768,38,85,37,'2022-11-06 17:31:04'),
	(769,205,50,9,'2022-11-07 03:06:48'),
	(770,152,56,69,'2022-11-07 12:42:32'),
	(771,137,32,41,'2022-11-07 22:18:16'),
	(772,217,7,68,'2022-11-08 07:54:00'),
	(773,165,55,9,'2022-11-08 17:29:44'),
	(774,163,91,47,'2022-11-09 03:05:28'),
	(775,61,61,68,'2022-11-09 12:41:12'),
	(776,58,38,63,'2022-11-09 22:16:56'),
	(777,95,77,42,'2022-11-10 07:52:40'),
	(778,45,5,21,'2022-11-10 17:28:24'),
	(779,177,69,47,'2022-11-11 03:04:08'),
	(780,242,13,34,'2022-11-11 12:39:52'),
	(781,171,11,27,'2022-11-11 22:15:36'),
	(782,116,66,35,'2022-11-12 07:51:20'),
	(783,61,67,22,'2022-11-12 17:27:04'),
	(784,197,35,4,'2022-11-13 03:02:48'),
	(785,41,68,24,'2022-11-13 12:38:32'),
	(786,105,102,39,'2022-11-13 22:14:16'),
	(787,141,27,55,'2022-11-14 07:50:00'),
	(788,132,68,18,'2022-11-14 17:25:44'),
	(789,226,26,60,'2022-11-15 03:01:28'),
	(790,225,67,42,'2022-11-15 12:37:12'),
	(791,189,34,28,'2022-11-15 22:12:56'),
	(792,10,53,15,'2022-11-16 07:48:40'),
	(793,222,89,59,'2022-11-16 17:24:24'),
	(794,70,49,40,'2022-11-17 03:00:08'),
	(795,174,41,24,'2022-11-17 12:35:52'),
	(796,153,51,2,'2022-11-17 22:11:36'),
	(797,232,86,3,'2022-11-18 07:47:20'),
	(798,191,22,10,'2022-11-18 17:23:04'),
	(799,251,2,39,'2022-11-19 02:58:48'),
	(800,172,70,25,'2022-11-19 12:34:32'),
	(801,98,24,11,'2022-11-19 22:10:16'),
	(802,212,91,46,'2022-11-20 07:46:00'),
	(803,259,79,61,'2022-11-20 17:21:44'),
	(804,149,33,28,'2022-11-21 02:57:28'),
	(805,206,39,27,'2022-11-21 12:33:12'),
	(806,77,12,47,'2022-11-21 22:08:56'),
	(807,257,88,18,'2022-11-22 07:44:40'),
	(808,43,74,17,'2022-11-22 17:20:24'),
	(809,185,42,31,'2022-11-23 02:56:08'),
	(810,35,2,32,'2022-11-23 12:31:52'),
	(811,113,21,68,'2022-11-23 22:07:36'),
	(812,199,53,38,'2022-11-24 07:43:20'),
	(813,145,42,53,'2022-11-24 17:19:04'),
	(814,120,20,15,'2022-11-25 02:54:48'),
	(815,154,19,51,'2022-11-25 12:30:32'),
	(816,150,27,2,'2022-11-25 22:06:16'),
	(817,29,12,64,'2022-11-26 07:42:00'),
	(818,186,1,36,'2022-11-26 17:17:44'),
	(819,84,67,59,'2022-11-27 02:53:28'),
	(820,102,6,47,'2022-11-27 12:29:12'),
	(821,250,47,57,'2022-11-27 22:04:56'),
	(822,184,86,5,'2022-11-28 07:40:40'),
	(823,159,1,62,'2022-11-28 17:16:24'),
	(824,235,103,18,'2022-11-29 02:52:08'),
	(825,187,67,43,'2022-11-29 12:27:52'),
	(826,221,13,22,'2022-11-29 22:03:36'),
	(827,33,5,49,'2022-11-30 07:39:20'),
	(828,245,100,41,'2022-11-30 17:15:04'),
	(829,114,81,59,'2022-12-01 02:50:48'),
	(830,78,13,34,'2022-12-01 12:26:32'),
	(831,38,51,59,'2022-12-01 22:02:16'),
	(832,198,60,56,'2022-12-02 07:38:00'),
	(833,114,50,32,'2022-12-02 17:13:44'),
	(834,216,59,62,'2022-12-03 02:49:28'),
	(835,228,36,6,'2022-12-03 12:25:12'),
	(836,231,1,51,'2022-12-03 22:00:56'),
	(837,215,43,28,'2022-12-04 07:36:40'),
	(838,121,20,56,'2022-12-04 17:12:24'),
	(839,200,54,59,'2022-12-05 02:48:08'),
	(840,126,5,57,'2022-12-05 12:23:52'),
	(841,21,59,38,'2022-12-05 21:59:36'),
	(842,219,67,19,'2022-12-06 07:35:20'),
	(843,22,3,50,'2022-12-06 17:11:04'),
	(844,194,68,54,'2022-12-07 02:46:48'),
	(845,145,39,51,'2022-12-07 12:22:32'),
	(846,135,52,22,'2022-12-07 21:58:16'),
	(847,228,61,25,'2022-12-08 07:34:00'),
	(848,227,59,60,'2022-12-08 17:09:44'),
	(849,192,8,17,'2022-12-09 02:45:28'),
	(850,18,55,44,'2022-12-09 12:21:12'),
	(851,254,17,27,'2022-12-09 21:56:56'),
	(852,206,38,6,'2022-12-10 07:32:40'),
	(853,10,28,17,'2022-12-10 17:08:24'),
	(854,172,90,65,'2022-12-11 02:44:08'),
	(855,70,36,67,'2022-12-11 12:19:52'),
	(856,75,88,1,'2022-12-11 21:55:36'),
	(857,157,99,13,'2022-12-12 07:31:20'),
	(858,50,101,58,'2022-12-12 17:07:04'),
	(859,20,36,45,'2022-12-13 02:42:48'),
	(860,192,88,52,'2022-12-13 12:18:32'),
	(861,137,25,53,'2022-12-13 21:54:16'),
	(862,100,51,40,'2022-12-14 07:30:00'),
	(863,82,33,40,'2022-12-14 17:05:44'),
	(864,97,79,10,'2022-12-15 02:41:28'),
	(865,232,37,68,'2022-12-15 12:17:12'),
	(866,108,22,34,'2022-12-15 21:52:56'),
	(867,83,96,34,'2022-12-16 07:28:40'),
	(868,84,24,68,'2022-12-16 17:04:24'),
	(869,163,30,31,'2022-12-17 02:40:08'),
	(870,51,51,17,'2022-12-17 12:15:52'),
	(871,255,17,63,'2022-12-17 21:51:36'),
	(872,115,14,57,'2022-12-18 07:27:20'),
	(873,50,38,26,'2022-12-18 17:03:04'),
	(874,145,87,27,'2022-12-19 02:38:48'),
	(875,68,103,57,'2022-12-19 12:14:32'),
	(876,143,54,64,'2022-12-19 21:50:16'),
	(877,252,56,10,'2022-12-20 07:26:00'),
	(878,69,49,65,'2022-12-20 17:01:44'),
	(879,83,51,17,'2022-12-21 02:37:28'),
	(880,199,49,30,'2022-12-21 12:13:12'),
	(881,235,92,27,'2022-12-21 21:48:56'),
	(882,70,77,48,'2022-12-22 07:24:40'),
	(883,134,87,17,'2022-12-22 17:00:24'),
	(884,200,92,11,'2022-12-23 02:36:08'),
	(885,91,76,5,'2022-12-23 12:11:52'),
	(886,94,40,58,'2022-12-23 21:47:36'),
	(887,186,65,1,'2022-12-24 07:23:20'),
	(888,138,94,37,'2022-12-24 16:59:04'),
	(889,126,75,42,'2022-12-25 02:34:48'),
	(890,204,88,31,'2022-12-25 12:10:32'),
	(891,133,26,26,'2022-12-25 21:46:16'),
	(892,42,2,38,'2022-12-26 07:22:00'),
	(893,51,101,43,'2022-12-26 16:57:44'),
	(894,121,103,32,'2022-12-27 02:33:28'),
	(895,192,45,32,'2022-12-27 12:09:12'),
	(896,87,61,61,'2022-12-27 21:44:56'),
	(897,99,38,69,'2022-12-28 07:20:40'),
	(898,224,31,26,'2022-12-28 16:56:24'),
	(899,66,82,60,'2022-12-29 02:32:08'),
	(900,147,38,14,'2022-12-29 12:07:52'),
	(901,28,37,27,'2022-12-29 21:43:36'),
	(902,189,48,26,'2022-12-30 07:19:20'),
	(903,101,40,48,'2022-12-30 16:55:04'),
	(904,179,103,21,'2022-12-31 02:30:48'),
	(905,83,13,31,'2022-12-31 12:06:32'),
	(906,117,99,24,'2022-12-31 21:42:16'),
	(907,76,93,27,'2023-01-01 07:18:00'),
	(908,18,103,61,'2023-01-01 16:53:44'),
	(909,106,33,18,'2023-01-02 02:29:28'),
	(910,215,46,46,'2023-01-02 12:05:12'),
	(911,248,58,34,'2023-01-02 21:40:56'),
	(912,87,52,32,'2023-01-03 07:16:40'),
	(913,180,98,57,'2023-01-03 16:52:24'),
	(914,129,23,51,'2023-01-04 02:28:08'),
	(915,98,84,16,'2023-01-04 12:03:52'),
	(916,90,65,64,'2023-01-04 21:39:36'),
	(917,150,6,63,'2023-01-05 07:15:20'),
	(918,218,59,56,'2023-01-05 16:51:04'),
	(919,129,6,21,'2023-01-06 02:26:48'),
	(920,235,22,7,'2023-01-06 12:02:32'),
	(921,28,84,37,'2023-01-06 21:38:16'),
	(922,174,90,29,'2023-01-07 07:14:00'),
	(923,25,51,31,'2023-01-07 16:49:44'),
	(924,95,25,67,'2023-01-08 02:25:28'),
	(925,142,50,36,'2023-01-08 12:01:12'),
	(926,165,49,48,'2023-01-08 21:36:56'),
	(927,141,97,63,'2023-01-09 07:12:40'),
	(928,200,47,31,'2023-01-09 16:48:24'),
	(929,65,17,35,'2023-01-10 02:24:08'),
	(930,217,24,11,'2023-01-10 11:59:52'),
	(931,131,68,19,'2023-01-10 21:35:36'),
	(932,245,26,61,'2023-01-11 07:11:20'),
	(933,71,87,39,'2023-01-11 16:47:04'),
	(934,109,28,14,'2023-01-12 02:22:48'),
	(935,74,75,22,'2023-01-12 11:58:32'),
	(936,32,22,66,'2023-01-12 21:34:16'),
	(937,181,78,56,'2023-01-13 07:10:00'),
	(938,50,63,11,'2023-01-13 16:45:44'),
	(939,194,22,26,'2023-01-14 02:21:28'),
	(940,64,8,28,'2023-01-14 11:57:12'),
	(941,227,28,61,'2023-01-14 21:32:56'),
	(942,182,67,14,'2023-01-15 07:08:40'),
	(943,221,30,26,'2023-01-15 16:44:24'),
	(944,51,44,18,'2023-01-16 02:20:08'),
	(945,83,28,10,'2023-01-16 11:55:52'),
	(946,251,75,66,'2023-01-16 21:31:36'),
	(947,246,2,25,'2023-01-17 07:07:20'),
	(948,219,100,62,'2023-01-17 16:43:04'),
	(949,95,77,27,'2023-01-18 02:18:48'),
	(950,61,70,20,'2023-01-18 11:54:32'),
	(951,259,20,17,'2023-01-18 21:30:16'),
	(952,105,94,26,'2023-01-19 07:06:00'),
	(953,236,99,7,'2023-01-19 16:41:44'),
	(954,105,58,27,'2023-01-20 02:17:28'),
	(955,59,37,46,'2023-01-20 11:53:12'),
	(956,220,35,9,'2023-01-20 21:28:56'),
	(957,163,68,43,'2023-01-21 07:04:40'),
	(958,148,27,52,'2023-01-21 16:40:24'),
	(959,240,44,61,'2023-01-22 02:16:08'),
	(960,246,71,12,'2023-01-22 11:51:52'),
	(961,251,63,12,'2023-01-22 21:27:36'),
	(962,259,86,22,'2023-01-23 07:03:20'),
	(963,30,83,7,'2023-01-23 16:39:04'),
	(964,113,85,38,'2023-01-24 02:14:48'),
	(965,215,11,29,'2023-01-24 11:50:32'),
	(966,229,88,29,'2023-01-24 21:26:16'),
	(967,241,29,60,'2023-01-25 07:02:00'),
	(968,258,23,5,'2023-01-25 16:37:44'),
	(969,58,86,53,'2023-01-26 02:13:28'),
	(970,256,72,42,'2023-01-26 11:49:12'),
	(971,96,60,49,'2023-01-26 21:24:56'),
	(972,201,4,49,'2023-01-27 07:00:40'),
	(973,209,56,28,'2023-01-27 16:36:24'),
	(974,181,16,63,'2023-01-28 02:12:08'),
	(975,19,102,22,'2023-01-28 11:47:52'),
	(976,43,2,60,'2023-01-28 21:23:36'),
	(977,148,79,27,'2023-01-29 06:59:20'),
	(978,100,100,23,'2023-01-29 16:35:04'),
	(979,50,27,32,'2023-01-30 02:10:48'),
	(980,187,32,22,'2023-01-30 11:46:32'),
	(981,28,36,12,'2023-01-30 21:22:16'),
	(982,68,9,66,'2023-01-31 06:58:00'),
	(983,247,45,14,'2023-01-31 16:33:44'),
	(984,23,51,13,'2023-02-01 02:09:28'),
	(985,115,63,19,'2023-02-01 11:45:12'),
	(986,245,44,57,'2023-02-01 21:20:56'),
	(987,121,41,20,'2023-02-02 06:56:40'),
	(988,111,19,68,'2023-02-02 16:32:24'),
	(989,184,77,1,'2023-02-03 02:08:08'),
	(990,76,12,9,'2023-02-03 11:43:52'),
	(991,71,100,41,'2023-02-03 21:19:36'),
	(992,114,4,40,'2023-02-04 06:55:20'),
	(993,99,102,7,'2023-02-04 16:31:04'),
	(994,144,86,52,'2023-02-05 02:06:48'),
	(995,163,79,34,'2023-02-05 11:42:32'),
	(996,123,18,12,'2023-02-05 21:18:16'),
	(997,118,70,28,'2023-02-06 06:54:00'),
	(998,212,30,35,'2023-02-06 16:29:44'),
	(999,196,21,19,'2023-02-07 02:05:28'),
	(1000,83,40,60,'2023-02-07 11:41:12');

/*!40000 ALTER TABLE `bids` ENABLE KEYS */;


# Dump of table brands
# ------------------------------------------------------------

DROP TABLE IF EXISTS `brands`;

CREATE TABLE `brands` (
  `id` int unsigned NOT NULL AUTO_INCREMENT,
  `name` varchar(100) CHARACTER SET utf8mb4 COLLATE utf8mb4_0900_ai_ci DEFAULT NULL,
  `slug` varchar(100) DEFAULT NULL,
  `sort_order` int DEFAULT NULL,
  PRIMARY KEY (`id`)
) ENGINE=InnoDB DEFAULT CHARSET=utf8mb4 COLLATE=utf8mb4_0900_ai_ci;

/*!40000 ALTER TABLE `brands` DISABLE KEYS */;

INSERT INTO `brands` (`id`, `name`, `slug`, `sort_order`)
VALUES
	(1,'Nike','nike',1),
	(2,'Air Jordan','air-jordan',2),
	(3,'Adidas','adidas',3),
	(4,'Crocs','Crocs',7),
	(5,'New Balance','nb',4),
	(6,'Jeezy','jeezy',6),
	(7,'Saucony','saucony',5);

/*!40000 ALTER TABLE `brands` ENABLE KEYS */;


# Dump of table sneakers
# ------------------------------------------------------------

DROP TABLE IF EXISTS `sneakers`;

CREATE TABLE `sneakers` (
  `id` int unsigned NOT NULL AUTO_INCREMENT,
  `user_id` int DEFAULT NULL,
  `title` varchar(256) CHARACTER SET utf8mb4 COLLATE utf8mb4_0900_ai_ci DEFAULT NULL,
  `description` text,
  `brand_id` int DEFAULT NULL,
  `image` varchar(256) DEFAULT NULL,
  PRIMARY KEY (`id`)
) ENGINE=InnoDB DEFAULT CHARSET=utf8mb4 COLLATE=utf8mb4_0900_ai_ci;

/*!40000 ALTER TABLE `sneakers` DISABLE KEYS */;

INSERT INTO `sneakers` (`id`, `user_id`, `title`, `description`, `brand_id`, `image`)
VALUES
	(1,61,'Nike Air Force 1','Een tijdloze sneaker met gestroomlijnde lijnen en verfijnde details.',1,'airmax1.webp'),
	(2,25,'Nike Air Max 90','Innovatieve sportschoen met responsieve demping voor optimaal comfort.',1,'airmax1.webp'),
	(3,40,'Nike Air Jordan 1','Een mix van retro-stijl en moderne technologie voor een unieke uitstraling.',1,'airmax1.webp'),
	(4,27,'Nike Roshe Run','Ademende materialen en een lichtgewicht ontwerp voor ultieme bewegingsvrijheid.',1,'airmax1.webp'),
	(5,13,'Nike Air Max 97','Een futuristische sneaker met opvallende kleuraccenten en strakke texturen.',1,'airmax1.webp'),
	(6,82,'Nike Air Max 270','Een casual schoen met een minimalistisch ontwerp en veelzijdige draagbaarheid.',1,'airmax1.webp'),
	(7,73,'Nike React Element 87','Gedurfde en contrasterende patronen zorgen voor een opvallende uitstraling.',1,'airmax1.webp'),
	(8,19,'Nike Blazer Mid','Een klassieke sportschoen met een geüpdatet silhouet voor eigentijdse stijl.',1,'airmax1.webp'),
	(9,75,'Nike SB Dunk','Ultrazachte materialen en ergonomisch design voor langdurig comfort.',1,'airmax1.webp'),
	(10,15,'Nike Cortez','Een high-top sneaker met robuuste zool voor urban exploratie.',1,'airmax1.webp'),
	(11,53,'Adidas Superstar','Een iconische sneaker met opvallende logodetails en onderscheidende kleuren.',3,'adidas.webp'),
	(12,18,'Adidas Stan Smith','Een hybride ontwerp dat vintage elementen combineert met modern comfort.',3,'adidas.webp'),
	(13,31,'Adidas Ultraboost','Een lichtgewicht sneaker met flexibele zool voor moeiteloze beweging.',3,'adidas.webp'),
	(14,1,'Adidas NMD','Een streetwear essential met een gedurfd patroon en opvallende accenten.',3,'adidas.webp'),
	(15,9,'Adidas Yeezy Boost 350','Een veelzijdige sneaker voor dagelijks gebruik met tijdloze esthetiek.',3,'adidas.webp'),
	(16,45,'Adidas Gazelle','Een trendy schoen met textuurdetails en metallic afwerking voor glans.',3,'adidas.webp'),
	(17,95,'Adidas Originals Continental 80','Een urban sneaker met gewaagde lijnen en edgy uitstraling.',3,'adidas.webp'),
	(18,38,'Adidas EQT','Een luxe sportschoen met premium materialen en verfijnde afwerking.',3,'adidas.webp'),
	(19,7,'Adidas Yung-1','Een op sport geïnspireerde sneaker met dynamische kleurblokken.',3,'adidas.webp'),
	(20,20,'Adidas Pharrell Williams Hu','Een duurzame sneaker met waterafstotende eigenschappen voor elk seizoen.',3,'adidas.webp'),
	(21,78,'Yeezy Boost 350 V2','Een retro sneaker met gedurfde kleuren en contrasterende texturen.',6,'yeezy.webp'),
	(22,28,'Yeezy Boost 700','Een sneaker met uitgesproken zoolprofiel en schokabsorberende technologie.',6,'yeezy.webp'),
	(23,8,'Yeezy Boost 500','Een minimalistische sneaker met gestroomlijnd silhouet voor moeiteloze elegantie.',6,'yeezy.webp'),
	(24,55,'Yeezy 750 Boost','Een gedurfde keuze met opvallende prints en grafische details.',6,'yeezy.webp'),
	(25,48,'Yeezy Quantum','Een veelzijdige lifestyle sneaker met subtiele branding en verfijnde lijnen.',6,'yeezy.webp'),
	(26,78,'Yeezy Foam Runner','Een sportieve schoen met ademende mesh-panelen en opvallende veterdetails.',6,'yeezy.webp'),
	(27,42,'Yeezy Slide','Een stijlvolle sneaker met geweven texturen en een eigentijdse twist.',6,'yeezy.webp'),
	(28,79,'Yeezy Powerphase','Een urban-chic sneaker met metallic accenten en strakke lijnen.',6,'yeezy.webp'),
	(29,65,'Yeezy Desert Boot','Een modieuze sneaker met opvallende stiksels en verhoogde enkelsteun.',6,'yeezy.webp'),
	(30,91,'Yeezy Boost 380','Een klassieke sneaker met ingetogen kleuren en tijdloze esthetiek.',6,'yeezy.webp'),
	(31,57,'Saucony Jazz Original','Een veelzijdige schoen met contrasterende panelen en dynamische veters.',7,'saucony.webp'),
	(32,13,'Saucony Grid SD','Een eigentijdse sneaker met zichtbare stiksels en ruige zool.',7,'saucony.webp'),
	(33,95,'Saucony Shadow 5000','Een futuristische sneaker met gelaagde constructie en abstracte prints.',7,'saucony.webp'),
	(34,34,'Saucony Kinvara','Een sportieve lifestyle sneaker met ergonomische pasvorm en demping.',7,'saucony.webp'),
	(35,83,'Saucony Grid 9000','Een retro-geïnspireerde sneaker met opvallende neon-accenten.',7,'saucony.webp'),
	(36,15,'Saucony Freedom ISO','Een hoogwaardige sneaker met gestructureerde overlays en suède details.',7,'saucony.webp'),
	(37,25,'Saucony Courageous','Een urban-cool sneaker met contrasterende kleuren en gestroomlijnd ontwerp.',7,'saucony.webp'),
	(38,79,'Saucony Shadow 6000','Een lichte sneaker met mesh-panelen voor ventilatie tijdens activiteiten.',7,'saucony.webp'),
	(39,21,'Saucony Grid 8500','Een verfijnde schoen met tonale details en luxueuze materialen.',7,'saucony.webp'),
	(40,65,'Saucony DXN Trainer','Een minimalistische sneaker met opvallende merklogo\'s en gestroomlijnd design.',7,'saucony.webp'),
	(41,62,'Air Jordan 1','Een innovatieve sportschoen met verstelbare pasvorm en responsieve demping.',2,'jordan.webp'),
	(42,15,'Air Jordan 3','Een dynamische sneaker met gedurfde prints en opvallende vetersluiting.',2,'jordan.webp'),
	(43,90,'Air Jordan 4','Een casual sneaker met subtiele patroonaccenten en all-day comfort.',2,'jordan.webp'),
	(44,4,'Air Jordan 6','Een stijlvolle en veelzijdige keuze met gestructureerde texturen.',2,'jordan.webp'),
	(45,47,'Air Jordan 11','Een futuristische sneaker met hoogglanzende details en asymmetrische lijnen.',2,'jordan.webp'),
	(46,24,'Air Jordan 12','Een sportieve schoen met opvallende kleurvlakken en elastische veters.',2,'jordan.webp'),
	(47,79,'Air Jordan 13','Een sneaker met vintage vibes en authentieke retro-elementen.',2,'jordan.webp'),
	(48,21,'Air Jordan 5','Een urban sneaker met opvallende stiksels en speelse kleuraccenten.',2,'jordan.webp'),
	(49,69,'Air Jordan 7','Een moderne twist op een klassieke sneaker met gestroomlijnd profiel.',2,'jordan.webp'),
	(50,82,'Air Jordan 8','Een comfortabele en modieuze schoen met verhoogde hiel en demping.',2,'jordan.webp'),
	(51,1,'New Balance 990','Een opvallende sneaker met unieke structuur en contrasterende panelen.',5,'newbalance.webp'),
	(52,59,'New Balance 574','Een sportieve keuze met opvallende logo-accenten en slanke pasvorm.',5,'newbalance.webp'),
	(53,91,'New Balance 997','Een eigentijdse schoen met gewaagde patronen en grafische details.',5,'newbalance.webp'),
	(54,76,'New Balance 990v5','Een hybride sneaker met combinatie van leer en mesh voor veelzijdigheid.',5,'newbalance.webp'),
	(55,7,'New Balance 1300','Een urban-chique sneaker met gewatteerde kraag en hoogwaardige afwerking.',5,'newbalance.webp'),
	(56,9,'New Balance 1500','Een minimalistische schoen met strakke lijnen en subtiele branding.',5,'newbalance.webp'),
	(57,21,'New Balance 996','Een trendy sneaker met opvallende veterdetails en kleuraccenten.',5,'newbalance.webp'),
	(58,80,'New Balance 997H','Een futuristische keuze met reflecterende elementen en dynamische zool.',5,'newbalance.webp'),
	(59,36,'New Balance 327','Een high-top sneaker met opvallend reliëf en stoere uitstraling.',5,'newbalance.webp'),
	(60,38,'New Balance 991','Een casual en sportieve schoen met contrasterende texturen.',5,'newbalance.webp'),
	(61,83,'Crocs Classic Clog','Een opvallende sneaker met gestructureerde overlays en abstracte prints.',4,'crocs.webp'),
	(62,1,'Crocs LiteRide Clog','Een street-style sneaker met oversized logo\'s en gedurfde kleuren.',4,'crocs.webp'),
	(63,54,'Crocs Swiftwater Sandal','Een veelzijdige lifestyle sneaker met gestroomlijnd silhouet en textuuraccenten.',4,'crocs.webp'),
	(64,66,'Crocs Bistro Clog','Een eigentijdse keuze met opvallende stiksels en verfijnde afwerking.',4,'crocs.webp'),
	(65,69,'Crocs Crocband Clog','Een sportieve sneaker met sokachtige pasvorm en responsieve demping.',4,'crocs.webp'),
	(66,44,'Crocs Classic Lined Clog','Een stijlvolle schoen met metallic details en geperforeerde panelen.',4,'crocs.webp'),
	(67,13,'Crocs LiteRide Pacer','Een urban-chic sneaker met verhoogde zool en opvallende veters.',4,'crocs.webp'),
	(68,34,'Crocs Capri Flip','Een modieuze sneaker met contrasterende kleurvlakken en gestructureerde details.',4,'crocs.webp'),
	(69,29,'Crocs Kadee II Flip','Een retro-geïnspireerde schoen met opvallende stiksels en contrasterende materialen.',4,'crocs.webp'),
	(70,44,'Crocs Sloane Slide','Een futuristische sneaker met asymmetris',4,'crocs.webp');

/*!40000 ALTER TABLE `sneakers` ENABLE KEYS */;


# Dump of table users
# ------------------------------------------------------------

DROP TABLE IF EXISTS `users`;

CREATE TABLE `users` (
  `id` int unsigned NOT NULL AUTO_INCREMENT,
  `firstname` varchar(256) DEFAULT NULL,
  `lastname` varchar(256) DEFAULT NULL,
  `email` varchar(256) DEFAULT NULL,
  `password` varchar(256) DEFAULT NULL,
  PRIMARY KEY (`id`)
) ENGINE=InnoDB DEFAULT CHARSET=utf8mb3;

/*!40000 ALTER TABLE `users` DISABLE KEYS */;

INSERT INTO `users` (`id`, `firstname`, `lastname`, `email`, `password`)
VALUES
	(1,'Dieter','De Weirdt','dieter.deweirdt@arteveldehs.be','$2y$10$J2LNC6EqjaRfZIhdFgvb7esgqjOgfo9NBAJXuGwxvPbCNHpDJV1ci'),
	(2,'Philippe','De Pauw','philippe.depauw@arteveldehs.be','$2y$10$J2LNC6EqjaRfZIhdFgvb7esgqjOgfo9NBAJXuGwxvPbCNHpDJV1ci'),
	(3,'Olivier','Parent','olivier.parent@arteveldehs.be','$2y$10$J2LNC6EqjaRfZIhdFgvb7esgqjOgfo9NBAJXuGwxvPbCNHpDJV1ci'),
	(4,'Diane','Dubique','ddubique0@ibm.com',NULL),
	(5,'Nedda','Behrens','nbehrens1@parallels.com',NULL),
	(6,'Krishnah','Tremlett','ktremlett2@privacy.gov.au',NULL),
	(7,'Ashley','Germain','agermain3@japanpost.jp',NULL),
	(8,'Hedvig','Suero','hsuero4@mtv.com',NULL),
	(9,'Saloma','Gyford','sgyford5@infoseek.co.jp',NULL),
	(10,'Melita','MacColgan','mmaccolgan6@sbwire.com',NULL),
	(11,'Wiatt','Corneille','wcorneille7@state.gov',NULL),
	(12,'Bertrand','Aicken','baicken8@whitehouse.gov',NULL),
	(13,'Burty','Serchwell','bserchwell9@freewebs.com',NULL),
	(14,'Shina','Frodsam','sfrodsama@gnu.org',NULL),
	(15,'Bartlet','Duffett','bduffettb@google.co.jp',NULL),
	(16,'Kelsy','Undrell','kundrellc@webmd.com',NULL),
	(17,'Herrick','Camidge','hcamidged@hc360.com',NULL),
	(18,'Darline','MacConnell','dmacconnelle@xing.com',NULL),
	(19,'Madelaine','Antley','mantleyf@unc.edu',NULL),
	(20,'Kelsy','Ravenshear','kravenshearg@mit.edu',NULL),
	(21,'Leisha','Penwarden','lpenwardenh@gizmodo.com',NULL),
	(22,'Ange','Twidell','atwidelli@elpais.com',NULL),
	(23,'Reinaldos','Urian','rurianj@statcounter.com',NULL),
	(24,'Stephan','Moffat','smoffatk@icio.us',NULL),
	(25,'Tome','Badini','tbadinil@goo.gl',NULL),
	(26,'Kacy','Tolworth','ktolworthm@apache.org',NULL),
	(27,'Giffer','Hymers','ghymersn@creativecommons.org',NULL),
	(28,'Luisa','Klasen','lklaseno@is.gd',NULL),
	(29,'Sasha','Felderer','sfeldererp@toplist.cz',NULL),
	(30,'Giordano','Wayne','gwayneq@ocn.ne.jp',NULL),
	(31,'Claire','Easthope','ceasthoper@mlb.com',NULL),
	(32,'Tomasina','Pashler','tpashlers@free.fr',NULL),
	(33,'Debor','Langfitt','dlangfittt@g.co',NULL),
	(34,'Guthry','Twining','gtwiningu@census.gov',NULL),
	(35,'Rozina','Juhruke','rjuhrukev@ehow.com',NULL),
	(36,'Francklyn','Robbert','frobbertw@samsung.com',NULL),
	(37,'Clyve','Americi','camericix@surveymonkey.com',NULL),
	(38,'Joannes','Sharland','jsharlandy@time.com',NULL),
	(39,'Shep','Santry','ssantryz@t.co',NULL),
	(40,'Kalinda','Waddell','kwaddell10@aol.com',NULL),
	(41,'Madalyn','Hargraves','mhargraves11@uiuc.edu',NULL),
	(42,'Yetty','Haglington','yhaglington12@newsvine.com',NULL),
	(43,'Nessy','Honacker','nhonacker13@homestead.com',NULL),
	(44,'Woodie','Mattielli','wmattielli14@apple.com',NULL),
	(45,'Daveta','Casali','dcasali15@gov.uk',NULL),
	(46,'Josy','Domino','jdomino16@washington.edu',NULL),
	(47,'Georgy','Chivers','gchivers17@godaddy.com',NULL),
	(48,'Vittoria','Sellick','vsellick18@dot.gov',NULL),
	(49,'Dannie','Jacke','djacke19@nih.gov',NULL),
	(50,'Jillayne','Lowseley','jlowseley1a@shinystat.com',NULL),
	(51,'Ainslee','MacDavitt','amacdavitt1b@networkadvertising.org',NULL),
	(52,'Rab','Scorthorne','rscorthorne1c@vistaprint.com',NULL),
	(53,'Rourke','Paddy','rpaddy1d@nifty.com',NULL),
	(54,'Norina','Jaggi','njaggi1e@elpais.com',NULL),
	(55,'Roseanna','Gethen','rgethen1f@microsoft.com',NULL),
	(56,'Dorelia','Lathan','dlathan1g@etsy.com',NULL),
	(57,'Kristi','Northage','knorthage1h@mapquest.com',NULL),
	(58,'Chase','Charle','ccharle1i@about.me',NULL),
	(59,'Elsey','Olrenshaw','eolrenshaw1j@ning.com',NULL),
	(60,'Bernette','Proffitt','bproffitt1k@wikia.com',NULL),
	(61,'Alida','Kowalik','akowalik1l@photobucket.com',NULL),
	(62,'Wendeline','Cartmel','wcartmel1m@photobucket.com',NULL),
	(63,'Evanne','Seifert','eseifert1n@etsy.com',NULL),
	(64,'Laura','Test','ltest1o@hexun.com',NULL),
	(65,'Thatch','Pothergill','tpothergill1p@google.co.uk',NULL),
	(66,'Redford','Dronsfield','rdronsfield1q@sfgate.com',NULL),
	(67,'Sigmund','Viggars','sviggars1r@ovh.net',NULL),
	(68,'Goran','Gregine','ggregine1s@harvard.edu',NULL),
	(69,'Kial','Glass','kglass1t@discuz.net',NULL),
	(70,'Reese','Steynor','rsteynor1u@microsoft.com',NULL),
	(71,'Antin','Oxbe','aoxbe1v@multiply.com',NULL),
	(72,'Tove','Rodder','trodder1w@360.cn',NULL),
	(73,'Ludovika','Peron','lperon1x@barnesandnoble.com',NULL),
	(74,'Rafaela','Coots','rcoots1y@bbb.org',NULL),
	(75,'Josie','Rablen','jrablen1z@discovery.com',NULL),
	(76,'Rania','Tomes','rtomes20@japanpost.jp',NULL),
	(77,'Mariska','Raraty','mraraty21@narod.ru',NULL),
	(78,'Adela','Wahncke','awahncke22@wikispaces.com',NULL),
	(79,'Bobby','Langfitt','blangfitt23@usda.gov',NULL),
	(80,'Evaleen','Giovannacc@i','egiovannacci24@diigo.com',NULL),
	(81,'Enrichetta','Mayzes','emayzes25@com.com',NULL),
	(82,'Danni','Cheeseman','dcheeseman26@disqus.com',NULL),
	(83,'Kirsti','Stanistreet','kstanistreet27@slate.com',NULL),
	(84,'Osmund','Proughten','oproughten28@lycos.com',NULL),
	(85,'Carmencita','Potts','cpotts29@pen.io',NULL),
	(86,'Kyle','Bodesson','kbodesson2a@mashable.com',NULL),
	(87,'Web','Camerana','wcamerana2b@homestead.com',NULL),
	(88,'Salvador','Hudd','shudd2c@hc360.com',NULL),
	(89,'Harriot','Dayne','hdayne2d@example.com',NULL),
	(90,'Grissel','Winsor','gwinsor2e@shinystat.com',NULL),
	(91,'Jillayne','Wilprecht','jwilprecht2f@dion.ne.jp',NULL),
	(92,'Tracie','Goodbourn','tgoodbourn2g@bravesites.com',NULL),
	(93,'Carol','Scrimshire','cscrimshire2h@delicious.com',NULL),
	(94,'Mil','Gapper','mgapper2i@behance.net',NULL),
	(95,'Jannel','Beadle','jbeadle2j@stumbleupon.com',NULL),
	(96,'Dominik','Chazelas','dchazelas2k@photobucket.com',NULL),
	(97,'Sargent','Gibard','sgibard2l@pbs.org',NULL),
	(98,'Joby','Klimkov','jklimkov2m@sourceforge.net',NULL),
	(99,'Paolo','Davitashvili','pdavitashvili2n@jimdo.com',NULL),
	(100,'Tristan','Lyptratt','tlyptratt2o@webs.com',NULL),
	(101,'Cleavland','Cormack','ccormack2p@cnn.com',NULL),
	(102,'Amble','Hannan','ahannan2q@scientificamerican.com',NULL),
	(103,'Kirbee','Trynor','ktrynor2r@usda.gov',NULL);

/*!40000 ALTER TABLE `users` ENABLE KEYS */;



/*!40111 SET SQL_NOTES=@OLD_SQL_NOTES */;
/*!40101 SET SQL_MODE=@OLD_SQL_MODE */;
/*!40014 SET FOREIGN_KEY_CHECKS=@OLD_FOREIGN_KEY_CHECKS */;
/*!40101 SET CHARACTER_SET_CLIENT=@OLD_CHARACTER_SET_CLIENT */;
/*!40101 SET CHARACTER_SET_RESULTS=@OLD_CHARACTER_SET_RESULTS */;
/*!40101 SET COLLATION_CONNECTION=@OLD_COLLATION_CONNECTION */;
